order_id,platform,date,gross,food_cost,packaging
W-84210,Wolt,2026-10-01,1800,522,75
G-84211,Glovo,2026-10-02,1937,562,75
W-84212,Wolt,2026-10-03,2074,601,75
G-84213,Glovo,2026-10-04,2211,641,75
W-84214,Wolt,2026-10-05,2348,681,75
G-84215,Glovo,2026-10-06,2485,721,75
W-84216,Wolt,2026-10-07,2622,760,75
G-84217,Glovo,2026-10-01,2759,800,75
W-84218,Wolt,2026-10-02,2896,840,75
G-84219,Glovo,2026-10-03,3033,880,75
W-84220,Wolt,2026-10-04,3170,919,75
G-84221,Glovo,2026-10-05,3307,959,75
W-84222,Wolt,2026-10-06,3444,999,75
G-84223,Glovo,2026-10-07,3581,1038,75
W-84224,Wolt,2026-10-01,3718,1078,75
G-84225,Glovo,2026-10-02,3855,1118,75
W-84226,Wolt,2026-10-03,3992,1158,75
G-84227,Glovo,2026-10-04,4129,1197,75
W-84228,Wolt,2026-10-05,4266,1237,75
G-84229,Glovo,2026-10-06,4403,1277,75
W-84230,Wolt,2026-10-07,4540,1317,75
G-84231,Glovo,2026-10-01,1877,544,75
W-84232,Wolt,2026-10-02,2014,584,75
G-84233,Glovo,2026-10-03,2151,624,75
W-84234,Wolt,2026-10-04,2288,664,75
G-84235,Glovo,2026-10-05,2425,703,75
W-84236,Wolt,2026-10-06,2562,743,75
G-84237,Glovo,2026-10-07,2699,783,75
W-84238,Wolt,2026-10-01,2836,822,75
G-84239,Glovo,2026-10-02,2973,862,75
W-84240,Wolt,2026-10-03,3110,902,75
G-84241,Glovo,2026-10-04,3247,942,75