order_id,platform,commission,promo,ads,refund,other,paid
W-84210,Wolt,540.00,360.00,280.00,0.00,0.00,620.00
G-84211,Glovo,542.36,0.00,0.00,0.00,0.00,1394.64
W-84212,Wolt,622.20,0.00,0.00,0.00,0.00,1201.80
G-84213,Glovo,619.08,0.00,0.00,0.00,0.00,1591.92
W-84214,Wolt,869.40,470.00,0.00,0.00,0.00,1008.60
G-84215,Glovo,695.80,0.00,280.00,0.00,0.00,1169.20
W-84216,Wolt,786.60,0.00,0.00,0.00,0.00,1835.40
G-84217,Glovo,772.52,0.00,0.00,850.00,0.00,1136.48
W-84218,Wolt,868.80,579.00,0.00,0.00,0.00,1448.20
G-84219,Glovo,1014.24,0.00,0.00,0.00,0.00,2018.76
W-84220,Wolt,951.00,0.00,280.00,0.00,0.00,1939.00
G-84221,Glovo,925.96,0.00,0.00,0.00,0.00,2381.04
W-84222,Wolt,1033.20,1550.00,600.00,0.00,0.00,260.80
G-84223,Glovo,1002.68,0.00,0.00,0.00,0.00,2578.32
W-84224,Wolt,1115.40,0.00,0.00,0.00,0.00,2602.60
G-84225,Glovo,1079.40,0.00,280.00,0.00,0.00,2495.60
W-84226,Wolt,1197.60,798.00,0.00,0.00,0.00,1816.40
G-84227,Glovo,1156.12,0.00,0.00,0.00,0.00,2972.88
W-84228,Wolt,1279.80,0.00,0.00,0.00,0.00,2986.20
G-84229,Glovo,1232.84,0.00,0.00,0.00,0.00,3170.16
W-84230,Wolt,1362.00,908.00,280.00,0.00,0.00,1990.00
G-84231,Glovo,525.56,0.00,0.00,0.00,0.00,1351.44
W-84232,Wolt,604.20,0.00,0.00,0.00,0.00,1409.80
G-84233,Glovo,602.28,0.00,0.00,0.00,0.00,1548.72
W-84234,Wolt,686.40,458.00,0.00,0.00,0.00,1143.60
G-84235,Glovo,679.00,0.00,280.00,0.00,0.00,1466.00
W-84236,Wolt,768.60,0.00,0.00,0.00,0.00,1793.40
G-84237,Glovo,755.72,0.00,0.00,0.00,0.00,1943.28
W-84238,Wolt,850.80,567.00,0.00,0.00,0.00,1418.20
G-84239,Glovo,832.44,0.00,0.00,0.00,0.00,2140.56
W-UNKNOWN,Wolt,300,0,0,0,0,700